Workbook

Sheet Summary
A1: HOW MUCH OF THE PORTFOLIO GOES INTO EACH STOCK
A2: To add a new stock: go to the Model tab, type it into the next empty row (A-G). The answer appears here automatically.
A4: Ticker | B4: Name | C4: % of Portfolio
A5: =IF(Model!A14="","",Model!A14) -> VOO | B5: =IF(Model!A14="","",Model!B14) -> Vanguard S&P 500 ETF | C5: =IF(Model!A14="","",Model!AB14) -> 0.25
A6: =IF(Model!A15="","",Model!A15) -> ADBE | B6: =IF(Model!A15="","",Model!B15) -> Adobe Inc. | C6: =IF(Model!A15="","",Model!AB15) -> 0.22014656
A7: =IF(Model!A16="","",Model!A16) -> DIS | B7: =IF(Model!A16="","",Model!B16) -> Walt Disney Co. | C7: =IF(Model!A16="","",Model!AB16) -> 0.094672309
A8: =IF(Model!A17="","",Model!A17) -> DUOL | B8: =IF(Model!A17="","",Model!B17) -> Duolingo Inc. | C8: =IF(Model!A17="","",Model!AB17) -> 0.13518113
A9: =IF(Model!A18="","",Model!A18) | B9: =IF(Model!A18="","",Model!B18) | C9: =IF(Model!A18="","",Model!AB18)
A10: =IF(Model!A19="","",Model!A19) -> IEF | B10: =IF(Model!A19="","",Model!B19) -> iShares 7-10 Year Treasury Bond ETF | C10: =IF(Model!A19="","",Model!AB19) -> 0.043076923
A11: =IF(Model!A20="","",Model!A20) -> SHY | B11: =IF(Model!A20="","",Model!B20) -> iShares 1-3 Year Treasury Bond ETF | C11: =IF(Model!A20="","",Model!AB20) -> 0.13192308
A12: =IF(Model!A21="","",Model!A21) -> CASH | B12: =IF(Model!A21="","",Model!B21) -> Cash | C12: =IF(Model!A21="","",Model!AB21) -> 0.125
A13: =IF(Model!A22="","",Model!A22) | B13: =IF(Model!A22="","",Model!B22) | C13: =IF(Model!A22="","",Model!AB22)
A14: =IF(Model!A23="","",Model!A23) | B14: =IF(Model!A23="","",Model!B23) | C14: =IF(Model!A23="","",Model!AB23)
A15: =IF(Model!A24="","",Model!A24) | B15: =IF(Model!A24="","",Model!B24) | C15: =IF(Model!A24="","",Model!AB24)
A16: =IF(Model!A25="","",Model!A25) | B16: =IF(Model!A25="","",Model!B25) | C16: =IF(Model!A25="","",Model!AB25)
... A22: =IF(Model!A31="","",Model!A31) | B22: =IF(Model!A31="","",Model!B31) | C22: =IF(Model!A31="","",Model!AB31)
A24: TOTAL | C24: =SUM(Model!AB14:AB31) -> 1

Sheet ReadMe
A1: Stock Weighting Model — How It Works
A3: THE FORMULA
A4: For each Stock or Bond holding: Score = (Expected Return − Risk-Free Rate) / Volatility²
A5: This is the closed-form Sharpe-maximizing weight formula under the simplifying assumption
A6: that holdings are uncorrelated with each other. It rewards higher expected return AND
A7: penalizes volatility twice as hard (squared) — so a jumpy stock needs a meaningfully
A8: higher expected return to earn the same weight as a calmer one.
A10: WHY NOT A FULL COVARIANCE MATRIX?
A11: A true mean-variance optimizer needs pairwise correlations between every holding, which
A12: requires real historical price data this model doesn't have access to. The zero-correlation
A13: simplification is a standard, defensible shortcut — note it explicitly in your report as an
A14: assumption, since correlated holdings (e.g., two tech stocks) would actually need LOWER
... A52: sentence in your report explaining which you picked and why.

Sheet Model
A1: Stock Weighting Model — Laura Gao Portfolio (v2: correlation-aware)
A2: Edit blue cells. See ReadMe tab for methodology. Verify Return/Volatility before finalizing.
A4: Config
A5: Risk-Free Rate | B5: 0.041 | C5: Current ~3-month T-bill yield
A6: Max Single-Position Cap | B6: 0.25 | C6: WInS platform position limit
A7: Max Correlated-Group Combined Cap | B7: 0.3 | C7: Holdings sharing a Correlation Group tag can't together exceed this, even if each is under the single-position cap
A8: Target Allocation — Stocks | B8: 0.7
A9: Target Allocation — Bonds | B9: 0.175
A10: Target Allocation — Cash | B10: 0.125
A11: Target Sum Check (should be 100%) | B11: =B8+B9+B10 -> 1
A13: Ticker | B13: Name / Description | C13: Bucket | D13: Correlation Group (blank = independent) | E13: Thematic Rationale | F13: Expected Return | G13: Volatility (Std Dev) | H13: Bucket Target (h) | I13: Score (i) | J13: Raw Wt in Bucket (j) | K13: Pre-Cap Weight (k) | L13: Group Key (l) | M13: Group Sum (m) | N13: Group-Adj Weight (n) | O13: Row Shrink Amt (o) | P13: Bucket Redist Pool (p) | Q13: Eligible Bucket Sum (q) | R13: Group-Adj Renorm (r) | S13: Excess if Pos-Capped (s) | T13: Bucket Excess Sum (t) | U13: Uncapped Bucket Sum (u) | V13: FINAL WEIGHT | W13: Position Cap Check | X13: Group Cap Note | Y13: Why | Z13: Bucket Gap (z) | AA13: Eligible Gap-Fill Sum (aa) | AB13: TRUE FINAL WEIGHT
A14: VOO | B14: Vanguard S&P 500 ETF | C14: Stocks | E14: Core broad-market holding; anchors the growth bucket with built-in diversification. | F14: 0.09 | G14: 0.15 | H14: =IF(A14="",0,IF(C14="Stocks",$B$8,IF(C14="Bonds",$B$9,IF(C14="Cash",$B$10,0)))) -> 0.7 | I14: =IF(A14="",0,IF(C14="Cash",1,IFERROR((F14-$B$5)/(G14^2),0))) -> 2.1777778 | J14: =IF(A14="",0,IFERROR(I14/SUMIF($C$14:$C$31,C14,$I$14:$I$31),0)) -> 0.51392814 | K14: =IF(A14="",0,J14*H14) -> 0.3597497 | L14: =IF(A14="","",IF(D14="","ROW_"&ROW(),D14)) -> ROW_14 | M14: =IF(A14="",0,SUMIF($L$14:$L$31,L14,$K$14:$K$31)) -> 0.3597497 | N14: =IF(A14="",0,IF(M14>$B$7,K14*($B$7/M14),K14)) -> 0.3 | O14: =IF(A14="",0,K14-N14) -> 0.059749698 | P14: =IF(A14="",0,SUMIF($C$14:$C$31,C14,$O$14:$O$31)) -> 0.1 | Q14: =IF(A14="",0,SUMPRODUCT(($C$14:$C$31=C14)*($O$14:$O$31=0)*$N$14:$N$31)) -> 0 | R14: =IF(A14="",0,IF(O14>0,N14,N14+IFERROR(P14*(N14/Q14),0))) -> 0.3 | S14: =IF(A14="",0,MAX(R14-$B$6,0)) -> 0.05 | T14: =IF(A14="",0,SUMIF($C$14:$C$31,C14,$S$14:$S$31)) -> 0.05 | U14: =IF(A14="",0,SUMPRODUCT(($C$14:$C$31=C14)*($R$14:$R$31<$B$6)*$R$14:$R$31)) -> 0.3 | V14: =IF(A14="",0,IF(R14>=$B$6,$B$6,R14+IFERROR(T14*(R14/U14),0))) -> 0.25 | W14: =IF(A14="","",IF(V14>$B$6+0.0005,"CHECK - still over position cap","OK")) -> OK | X14: =IF(A14="","",IF(D14="","",IF(M14>$B$7,CONCATENATE("Group '",D14,"' trimmed from ",TEXT(M14,"0.0%")," to ",TEXT($B$7,"0.0%")," combined."),CONCATENATE("Group '",D14,"' within cap (",TEXT(M14,"0.0%")," combined).")))) | Y14: =IF(A14="","",CONCATENATE("[",C14,"] ",TEXT(AB14,"0.0%")," of total portfolio. ",IF(C14="Cash","Held flat as a liquidity/flexibility buffer, not risk-scored. ",CONCATENATE("Risk-adjusted score ",TEXT(I14,"0.00")," (return ",TEXT(F14,"0.0%")," vs. volatility ",TEXT(G14,"0.0%"),") drives ",TEXT(J14,"0.0%")," of its bucket's risk budget. ")),IF(X14<>"",CONCATENATE(X14," "),"")," ",E14)) -> [Stocks] 25.0% of total portfolio. Risk-adjusted score 2.18 (return 9.0% vs. volatility 15.0%) drives 51.4% of its bucket's risk budget. Core broad-market holding; anchors the growth bucket with built-in diversification. | Z14: =IF(A14="",0,(IF(C14="Stocks",$B$8,IF(C14="Bonds",$B$9,IF(C14="Cash",$B$10,0))))-SUMIF($C$14:$C$31,C14,$V$14:$V$31)) -> 0.1 | AA14: =IF(A14="",0,SUMPRODUCT(($C$14:$C$31=C14)*($V$14:$V$31<$B$6)*$V$14:$V$31)) -> 0.35 | AB14: =IF(A14="",0,IF(V14>=$B$6,V14,V14+IFERROR(Z14*(V14/AA14),0))) -> 0.25
A15: ADBE | B15: Adobe Inc. | C15: Stocks | D15: Growth/Consumer-Tech | E15: Creative software; thematic tie to Laura's creative-economy background. | F15: 0.12 | G15: 0.28 | H15: =IF(A15="",0,IF(C15="Stocks",$B$8,IF(C15="Bonds",$B$9,IF(C15="Cash",$B$10,0)))) -> 0.7 | I15: =IF(A15="",0,IF(C15="Cash",1,IFERROR((F15-$B$5)/(G15^2),0))) -> 1.0076531 | J15: =IF(A15="",0,IFERROR(I15/SUMIF($C$14:$C$31,C15,$I$14:$I$31),0)) -> 0.23779344 | K15: =IF(A15="",0,J15*H15) -> 0.16645541 | L15: =IF(A15="","",IF(D15="","ROW_"&ROW(),D15)) -> Growth/Consumer-Tech | M15: =IF(A15="",0,SUMIF($L$14:$L$31,L15,$K$14:$K$31)) -> 0.3402503 | N15: =IF(A15="",0,IF(M15>$B$7,K15*($B$7/M15),K15)) -> 0.14676437 | O15: =IF(A15="",0,K15-N15) -> 0.019691034 | P15: =IF(A15="",0,SUMIF($C$14:$C$31,C15,$O$14:$O$31)) -> 0.1 | Q15: =IF(A15="",0,SUMPRODUCT(($C$14:$C$31=C15)*($O$14:$O$31=0)*$N$14:$N$31)) -> 0 | R15: =IF(A15="",0,IF(O15>0,N15,N15+IFERROR(P15*(N15/Q15),0))) -> 0.14676437 | S15: =IF(A15="",0,MAX(R15-$B$6,0)) -> 0 | T15: =IF(A15="",0,SUMIF($C$14:$C$31,C15,$S$14:$S$31)) -> 0.05 | U15: =IF(A15="",0,SUMPRODUCT(($C$14:$C$31=C15)*($R$14:$R$31<$B$6)*$R$14:$R$31)) -> 0.3 | V15: =IF(A15="",0,IF(R15>=$B$6,$B$6,R15+IFERROR(T15*(R15/U15),0))) -> 0.1712251 | W15: =IF(A15="","",IF(V15>$B$6+0.0005,"CHECK - still over position cap","OK")) -> OK | X15: =IF(A15="","",IF(D15="","",IF(M15>$B$7,CONCATENATE("Group '",D15,"' trimmed from ",TEXT(M15,"0.0%")," to ",TEXT($B$7,"0.0%")," combined."),CONCATENATE("Group '",D15,"' within cap (",TEXT(M15,"0.0%")," combined).")))) -> Group 'Growth/Consumer-Tech' trimmed from 34.0% to 30.0% combined. | Y15: =IF(A15="","",CONCATENATE("[",C15,"] ",TEXT(AB15,"0.0%")," of total portfolio. ",IF(C15="Cash","Held flat as a liquidity/flexibility buffer, not risk-scored. ",CONCATENATE("Risk-adjusted score ",TEXT(I15,"0.00")," (return ",TEXT(F15,"0.0%")," vs. volatility ",TEXT(G15,"0.0%"),") drives ",TEXT(J15,"0.0%")," of its bucket's risk budget. ")),IF(X15<>"",CONCATENATE(X15," "),"")," ",E15)) -> [Stocks] 22.0% of total portfolio. Risk-adjusted score 1.01 (return 12.0% vs. volatility 28.0%) drives 23.8% of its bucket's risk budget. Group 'Growth/Consumer-Tech' trimmed from 34.0% to 30.0% combined. Creative software; thematic tie to Laura's creative-economy background. | Z15: =IF(A15="",0,(IF(C15="Stocks",$B$8,IF(C15="Bonds",$B$9,IF(C15="Cash",$B$10,0))))-SUMIF($C$14:$C$31,C15,$V$14:$V$31)) -> 0.1 | AA15: =IF(A15="",0,SUMPRODUCT(($C$14:$C$31=C15)*($V$14:$V$31<$B$6)*$V$14:$V$31)) -> 0.35 | AB15: =IF(A15="",0,IF(V15>=$B$6,V15,V15+IFERROR(Z15*(V15/AA15),0))) -> 0.22014656
A16: DIS | B16: Walt Disney Co. | C16: Stocks | D16: Growth/Consumer-Tech | E16: Storytelling/media/IP; thematic tie to Laura's work as an author and illustrator. | F16: 0.08 | G16: 0.3 | H16: =IF(A16="",0,IF(C16="Stocks",$B$8,IF(C16="Bonds",$B$9,IF(C16="Cash",$B$10,0)))) -> 0.7 | I16: =IF(A16="",0,IF(C16="Cash",1,IFERROR((F16-$B$5)/(G16^2),0))) -> 0.43333333 | J16: =IF(A16="",0,IFERROR(I16/SUMIF($C$14:$C$31,C16,$I$14:$I$31),0)) -> 0.10226121 | K16: =IF(A16="",0,J16*H16) -> 0.071582848 | L16: =IF(A16="","",IF(D16="","ROW_"&ROW(),D16)) -> Growth/Consumer-Tech | M16: =IF(A16="",0,SUMIF($L$14:$L$31,L16,$K$14:$K$31)) -> 0.3402503 | N16: =IF(A16="",0,IF(M16>$B$7,K16*($B$7/M16),K16)) -> 0.063114873 | O16: =IF(A16="",0,K16-N16) -> 0.0084679756 | P16: =IF(A16="",0,SUMIF($C$14:$C$31,C16,$O$14:$O$31)) -> 0.1 | Q16: =IF(A16="",0,SUMPRODUCT(($C$14:$C$31=C16)*($O$14:$O$31=0)*$N$14:$N$31)) -> 0 | R16: =IF(A16="",0,IF(O16>0,N16,N16+IFERROR(P16*(N16/Q16),0))) -> 0.063114873 | S16: =IF(A16="",0,MAX(R16-$B$6,0)) -> 0 | T16: =IF(A16="",0,SUMIF($C$14:$C$31,C16,$S$14:$S$31)) -> 0.05 | U16: =IF(A16="",0,SUMPRODUCT(($C$14:$C$31=C16)*($R$14:$R$31<$B$6)*$R$14:$R$31)) -> 0.3 | V16: =IF(A16="",0,IF(R16>=$B$6,$B$6,R16+IFERROR(T16*(R16/U16),0))) -> 0.073634018 | W16: =IF(A16="","",IF(V16>$B$6+0.0005,"CHECK - still over position cap","OK")) -> OK | X16: =IF(A16="","",IF(D16="","",IF(M16>$B$7,CONCATENATE("Group '",D16,"' trimmed from ",TEXT(M16,"0.0%")," to ",TEXT($B$7,"0.0%")," combined."),CONCATENATE("Group '",D16,"' within cap (",TEXT(M16,"0.0%")," combined).")))) -> Group 'Growth/Consumer-Tech' trimmed from 34.0% to 30.0% combined. | Y16: =IF(A16="","",CONCATENATE("[",C16,"] ",TEXT(AB16,"0.0%")," of total portfolio. ",IF(C16="Cash","Held flat as a liquidity/flexibility buffer, not risk-scored. ",CONCATENATE("Risk-adjusted score ",TEXT(I16,"0.00")," (return ",TEXT(F16,"0.0%")," vs. volatility ",TEXT(G16,"0.0%"),") drives ",TEXT(J16,"0.0%")," of its bucket's risk budget. ")),IF(X16<>"",CONCATENATE(X16," "),"")," ",E16)) -> [Stocks] 9.5% of total portfolio. Risk-adjusted score 0.43 (return 8.0% vs. volatility 30.0%) drives 10.2% of its bucket's risk budget. Group 'Growth/Consumer-Tech' trimmed from 34.0% to 30.0% combined. Storytelling/media/IP; thematic tie to Laura's work as an author and illustrator. | Z16: =IF(A16="",0,(IF(C16="Stocks",$B$8,IF(C16="Bonds",$B$9,IF(C16="Cash",$B$10,0))))-SUMIF($C$14:$C$31,C16,$V$14:$V$31)) -> 0.1 | AA16: =IF(A16="",0,SUMPRODUCT(($C$14:$C$31=C16)*($V$14:$V$31<$B$6)*$V$14:$V$31)) -> 0.35 | AB16: =IF(A16="",0,IF(V16>=$B$6,V16,V16+IFERROR(Z16*(V16/AA16),0))) -> 0.094672309
A17: DUOL | B17: Duolingo Inc. | C17: Stocks | D17: Growth/Consumer-Tech | E17: Education/edtech; thematic tie to Laura's work as an educator. | F17: 0.14 | G17: 0.4 | H17: =IF(A17="",0,IF(C17="Stocks",$B$8,IF(C17="Bonds",$B$9,IF(C17="Cash",$B$10,0)))) -> 0.7 | I17: =IF(A17="",0,IF(C17="Cash",1,IFERROR((F17-$B$5)/(G17^2),0))) -> 0.61875 | J17: =IF(A17="",0,IFERROR(I17/SUMIF($C$14:$C$31,C17,$I$14:$I$31),0)) -> 0.14601721 | K17: =IF(A17="",0,J17*H17) -> 0.10221205 | L17: =IF(A17="","",IF(D17="","ROW_"&ROW(),D17)) -> Growth/Consumer-Tech | M17: =IF(A17="",0,SUMIF($L$14:$L$31,L17,$K$14:$K$31)) -> 0.3402503 | N17: =IF(A17="",0,IF(M17>$B$7,K17*($B$7/M17),K17)) -> 0.090120755 | O17: =IF(A17="",0,K17-N17) -> 0.012091292 | P17: =IF(A17="",0,SUMIF($C$14:$C$31,C17,$O$14:$O$31)) -> 0.1 | Q17: =IF(A17="",0,SUMPRODUCT(($C$14:$C$31=C17)*($O$14:$O$31=0)*$N$14:$N$31)) -> 0 | R17: =IF(A17="",0,IF(O17>0,N17,N17+IFERROR(P17*(N17/Q17),0))) -> 0.090120755 | S17: =IF(A17="",0,MAX(R17-$B$6,0)) -> 0 | T17: =IF(A17="",0,SUMIF($C$14:$C$31,C17,$S$14:$S$31)) -> 0.05 | U17: =IF(A17="",0,SUMPRODUCT(($C$14:$C$31=C17)*($R$14:$R$31<$B$6)*$R$14:$R$31)) -> 0.3 | V17: =IF(A17="",0,IF(R17>=$B$6,$B$6,R17+IFERROR(T17*(R17/U17),0))) -> 0.10514088 | W17: =IF(A17="","",IF(V17>$B$6+0.0005,"CHECK - still over position cap","OK")) -> OK | X17: =IF(A17="","",IF(D17="","",IF(M17>$B$7,CONCATENATE("Group '",D17,"' trimmed from ",TEXT(M17,"0.0%")," to ",TEXT($B$7,"0.0%")," combined."),CONCATENATE("Group '",D17,"' within cap (",TEXT(M17,"0.0%")," combined).")))) -> Group 'Growth/Consumer-Tech' trimmed from 34.0% to 30.0% combined. | Y17: =IF(A17="","",CONCATENATE("[",C17,"] ",TEXT(AB17,"0.0%")," of total portfolio. ",IF(C17="Cash","Held flat as a liquidity/flexibility buffer, not risk-scored. ",CONCATENATE("Risk-adjusted score ",TEXT(I17,"0.00")," (return ",TEXT(F17,"0.0%")," vs. volatility ",TEXT(G17,"0.0%"),") drives ",TEXT(J17,"0.0%")," of its bucket's risk budget. ")),IF(X17<>"",CONCATENATE(X17," "),"")," ",E17)) -> [Stocks] 13.5% of total portfolio. Risk-adjusted score 0.62 (return 14.0% vs. volatility 40.0%) drives 14.6% of its bucket's risk budget. Group 'Growth/Consumer-Tech' trimmed from 34.0% to 30.0% combined. Education/edtech; thematic tie to Laura's work as an educator. | Z17: =IF(A17="",0,(IF(C17="Stocks",$B$8,IF(C17="Bonds",$B$9,IF(C17="Cash",$B$10,0))))-SUMIF($C$14:$C$31,C17,$V$14:$V$31)) -> 0.1 | AA17: =IF(A17="",0,SUMPRODUCT(($C$14:$C$31=C17)*($V$14:$V$31<$B$6)*$V$14:$V$31)) -> 0.35 | AB17: =IF(A17="",0,IF(V17>=$B$6,V17,V17+IFERROR(Z17*(V17/AA17),0))) -> 0.13518113
B18: (your 5th stock pick) | C18: Stocks | E18: TBD — replace with your own pick. | H18: =IF(A18="",0,IF(C18="Stocks",$B$8,IF(C18="Bonds",$B$9,IF(C18="Cash",$B$10,0)))) -> 0 | I18: =IF(A18="",0,IF(C18="Cash",1,IFERROR((F18-$B$5)/(G18^2),0))) -> 0 | J18: =IF(A18="",0,IFERROR(I18/SUMIF($C$14:$C$31,C18,$I$14:$I$31),0)) -> 0 | K18: =IF(A18="",0,J18*H18) -> 0 | L18: =IF(A18="","",IF(D18="","ROW_"&ROW(),D18)) | M18: =IF(A18="",0,SUMIF($L$14:$L$31,L18,$K$14:$K$31)) -> 0 | N18: =IF(A18="",0,IF(M18>$B$7,K18*($B$7/M18),K18)) -> 0 | O18: =IF(A18="",0,K18-N18) -> 0 | P18: =IF(A18="",0,SUMIF($C$14:$C$31,C18,$O$14:$O$31)) -> 0 | Q18: =IF(A18="",0,SUMPRODUCT(($C$14:$C$31=C18)*($O$14:$O$31=0)*$N$14:$N$31)) -> 0 | R18: =IF(A18="",0,IF(O18>0,N18,N18+IFERROR(P18*(N18/Q18),0))) -> 0 | S18: =IF(A18="",0,MAX(R18-$B$6,0)) -> 0 | T18: =IF(A18="",0,SUMIF($C$14:$C$31,C18,$S$14:$S$31)) -> 0 | U18: =IF(A18="",0,SUMPRODUCT(($C$14:$C$31=C18)*($R$14:$R$31<$B$6)*$R$14:$R$31)) -> 0 | V18: =IF(A18="",0,IF(R18>=$B$6,$B$6,R18+IFERROR(T18*(R18/U18),0))) -> 0 | W18: =IF(A18="","",IF(V18>$B$6+0.0005,"CHECK - still over position cap","OK")) | X18: =IF(A18="","",IF(D18="","",IF(M18>$B$7,CONCATENATE("Group '",D18,"' trimmed from ",TEXT(M18,"0.0%")," to ",TEXT($B$7,"0.0%")," combined."),CONCATENATE("Group '",D18,"' within cap (",TEXT(M18,"0.0%")," combined).")))) | Y18: =IF(A18="","",CONCATENATE("[",C18,"] ",TEXT(AB18,"0.0%")," of total portfolio. ",IF(C18="Cash","Held flat as a liquidity/flexibility buffer, not risk-scored. ",CONCATENATE("Risk-adjusted score ",TEXT(I18,"0.00")," (return ",TEXT(F18,"0.0%")," vs. volatility ",TEXT(G18,"0.0%"),") drives ",TEXT(J18,"0.0%")," of its bucket's risk budget. ")),IF(X18<>"",CONCATENATE(X18," "),"")," ",E18)) | Z18: =IF(A18="",0,(IF(C18="Stocks",$B$8,IF(C18="Bonds",$B$9,IF(C18="Cash",$B$10,0))))-SUMIF($C$14:$C$31,C18,$V$14:$V$31)) -> 0 | AA18: =IF(A18="",0,SUMPRODUCT(($C$14:$C$31=C18)*($V$14:$V$31<$B$6)*$V$14:$V$31)) -> 0 | AB18: =IF(A18="",0,IF(V18>=$B$6,V18,V18+IFERROR(Z18*(V18/AA18),0))) -> 0
A19: IEF | B19: iShares 7-10 Year Treasury Bond ETF | C19: Bonds | E19: Intermediate-duration safety; matches your existing 10-Year Treasury pick. | F19: 0.045 | G19: 0.07 | H19: =IF(A19="",0,IF(C19="Stocks",$B$8,IF(C19="Bonds",$B$9,IF(C19="Cash",$B$10,0)))) -> 0.175 | I19: =IF(A19="",0,IF(C19="Cash",1,IFERROR((F19-$B$5)/(G19^2),0))) -> 0.81632653 | J19: =IF(A19="",0,IFERROR(I19/SUMIF($C$14:$C$31,C19,$I$14:$I$31),0)) -> 0.24615385 | K19: =IF(A19="",0,J19*H19) -> 0.043076923 | L19: =IF(A19="","",IF(D19="","ROW_"&ROW(),D19)) -> ROW_19 | M19: =IF(A19="",0,SUMIF($L$14:$L$31,L19,$K$14:$K$31)) -> 0.043076923 | N19: =IF(A19="",0,IF(M19>$B$7,K19*($B$7/M19),K19)) -> 0.043076923 | O19: =IF(A19="",0,K19-N19) -> 0 | P19: =IF(A19="",0,SUMIF($C$14:$C$31,C19,$O$14:$O$31)) -> 0 | Q19: =IF(A19="",0,SUMPRODUCT(($C$14:$C$31=C19)*($O$14:$O$31=0)*$N$14:$N$31)) -> 0.175 | R19: =IF(A19="",0,IF(O19>0,N19,N19+IFERROR(P19*(N19/Q19),0))) -> 0.043076923 | S19: =IF(A19="",0,MAX(R19-$B$6,0)) -> 0 | T19: =IF(A19="",0,SUMIF($C$14:$C$31,C19,$S$14:$S$31)) -> 0 | U19: =IF(A19="",0,SUMPRODUCT(($C$14:$C$31=C19)*($R$14:$R$31<$B$6)*$R$14:$R$31)) -> 0.175 | V19: =IF(A19="",0,IF(R19>=$B$6,$B$6,R19+IFERROR(T19*(R19/U19),0))) -> 0.043076923 | W19: =IF(A19="","",IF(V19>$B$6+0.0005,"CHECK - still over position cap","OK")) -> OK | X19: =IF(A19="","",IF(D19="","",IF(M19>$B$7,CONCATENATE("Group '",D19,"' trimmed from ",TEXT(M19,"0.0%")," to ",TEXT($B$7,"0.0%")," combined."),CONCATENATE("Group '",D19,"' within cap (",TEXT(M19,"0.0%")," combined).")))) | Y19: =IF(A19="","",CONCATENATE("[",C19,"] ",TEXT(AB19,"0.0%")," of total portfolio. ",IF(C19="Cash","Held flat as a liquidity/flexibility buffer, not risk-scored. ",CONCATENATE("Risk-adjusted score ",TEXT(I19,"0.00")," (return ",TEXT(F19,"0.0%")," vs. volatility ",TEXT(G19,"0.0%"),") drives ",TEXT(J19,"0.0%")," of its bucket's risk budget. ")),IF(X19<>"",CONCATENATE(X19," "),"")," ",E19)) -> [Bonds] 4.3% of total portfolio. Risk-adjusted score 0.82 (return 4.5% vs. volatility 7.0%) drives 24.6% of its bucket's risk budget. Intermediate-duration safety; matches your existing 10-Year Treasury pick. | Z19: =IF(A19="",0,(IF(C19="Stocks",$B$8,IF(C19="Bonds",$B$9,IF(C19="Cash",$B$10,0))))-SUMIF($C$14:$C$31,C19,$V$14:$V$31)) -> 0 | AA19: =IF(A19="",0,SUMPRODUCT(($C$14:$C$31=C19)*($V$14:$V$31<$B$6)*$V$14:$V$31)) -> 0.175 | AB19: =IF(A19="",0,IF(V19>=$B$6,V19,V19+IFERROR(Z19*(V19/AA19),0))) -> 0.043076923
A20: SHY | B20: iShares 1-3 Year Treasury Bond ETF | C20: Bonds | E20: Short-duration complement; adds internal diversification within the Bonds bucket. | F20: 0.042 | G20: 0.02 | H20: =IF(A20="",0,IF(C20="Stocks",$B$8,IF(C20="Bonds",$B$9,IF(C20="Cash",$B$10,0)))) -> 0.175 | I20: =IF(A20="",0,IF(C20="Cash",1,IFERROR((F20-$B$5)/(G20^2),0))) -> 2.5 | J20: =IF(A20="",0,IFERROR(I20/SUMIF($C$14:$C$31,C20,$I$14:$I$31),0)) -> 0.75384615 | K20: =IF(A20="",0,J20*H20) -> 0.13192308 | L20: =IF(A20="","",IF(D20="","ROW_"&ROW(),D20)) -> ROW_20 | M20: =IF(A20="",0,SUMIF($L$14:$L$31,L20,$K$14:$K$31)) -> 0.13192308 | N20: =IF(A20="",0,IF(M20>$B$7,K20*($B$7/M20),K20)) -> 0.13192308 | O20: =IF(A20="",0,K20-N20) -> 0 | P20: =IF(A20="",0,SUMIF($C$14:$C$31,C20,$O$14:$O$31)) -> 0 | Q20: =IF(A20="",0,SUMPRODUCT(($C$14:$C$31=C20)*($O$14:$O$31=0)*$N$14:$N$31)) -> 0.175 | R20: =IF(A20="",0,IF(O20>0,N20,N20+IFERROR(P20*(N20/Q20),0))) -> 0.13192308 | S20: =IF(A20="",0,MAX(R20-$B$6,0)) -> 0 | T20: =IF(A20="",0,SUMIF($C$14:$C$31,C20,$S$14:$S$31)) -> 0 | U20: =IF(A20="",0,SUMPRODUCT(($C$14:$C$31=C20)*($R$14:$R$31<$B$6)*$R$14:$R$31)) -> 0.175 | V20: =IF(A20="",0,IF(R20>=$B$6,$B$6,R20+IFERROR(T20*(R20/U20),0))) -> 0.13192308 | W20: =IF(A20="","",IF(V20>$B$6+0.0005,"CHECK - still over position cap","OK")) -> OK | X20: =IF(A20="","",IF(D20="","",IF(M20>$B$7,CONCATENATE("Group '",D20,"' trimmed from ",TEXT(M20,"0.0%")," to ",TEXT($B$7,"0.0%")," combined."),CONCATENATE("Group '",D20,"' within cap (",TEXT(M20,"0.0%")," combined).")))) | Y20: =IF(A20="","",CONCATENATE("[",C20,"] ",TEXT(AB20,"0.0%")," of total portfolio. ",IF(C20="Cash","Held flat as a liquidity/flexibility buffer, not risk-scored. ",CONCATENATE("Risk-adjusted score ",TEXT(I20,"0.00")," (return ",TEXT(F20,"0.0%")," vs. volatility ",TEXT(G20,"0.0%"),") drives ",TEXT(J20,"0.0%")," of its bucket's risk budget. ")),IF(X20<>"",CONCATENATE(X20," "),"")," ",E20)) -> [Bonds] 13.2% of total portfolio. Risk-adjusted score 2.50 (return 4.2% vs. volatility 2.0%) drives 75.4% of its bucket's risk budget. Short-duration complement; adds internal diversification within the Bonds bucket. | Z20: =IF(A20="",0,(IF(C20="Stocks",$B$8,IF(C20="Bonds",$B$9,IF(C20="Cash",$B$10,0))))-SUMIF($C$14:$C$31,C20,$V$14:$V$31)) -> 0 | AA20: =IF(A20="",0,SUMPRODUCT(($C$14:$C$31=C20)*($V$14:$V$31<$B$6)*$V$14:$V$31)) -> 0.175 | AB20: =IF(A20="",0,IF(V20>=$B$6,V20,V20+IFERROR(Z20*(V20/AA20),0))) -> 0.13192308
A21: CASH | B21: Cash | C21: Cash | E21: Liquidity/flexibility buffer; held flat, not risk-scored. | H21: =IF(A21="",0,IF(C21="Stocks",$B$8,IF(C21="Bonds",$B$9,IF(C21="Cash",$B$10,0)))) -> 0.125 | I21: =IF(A21="",0,IF(C21="Cash",1,IFERROR((F21-$B$5)/(G21^2),0))) -> 1 | J21: =IF(A21="",0,IFERROR(I21/SUMIF($C$14:$C$31,C21,$I$14:$I$31),0)) -> 1 | K21: =IF(A21="",0,J21*H21) -> 0.125 | L21: =IF(A21="","",IF(D21="","ROW_"&ROW(),D21)) -> ROW_21 | M21: =IF(A21="",0,SUMIF($L$14:$L$31,L21,$K$14:$K$31)) -> 0.125 | N21: =IF(A21="",0,IF(M21>$B$7,K21*($B$7/M21),K21)) -> 0.125 | O21: =IF(A21="",0,K21-N21) -> 0 | P21: =IF(A21="",0,SUMIF($C$14:$C$31,C21,$O$14:$O$31)) -> 0 | Q21: =IF(A21="",0,SUMPRODUCT(($C$14:$C$31=C21)*($O$14:$O$31=0)*$N$14:$N$31)) -> 0.125 | R21: =IF(A21="",0,IF(O21>0,N21,N21+IFERROR(P21*(N21/Q21),0))) -> 0.125 | S21: =IF(A21="",0,MAX(R21-$B$6,0)) -> 0 | T21: =IF(A21="",0,SUMIF($C$14:$C$31,C21,$S$14:$S$31)) -> 0 | U21: =IF(A21="",0,SUMPRODUCT(($C$14:$C$31=C21)*($R$14:$R$31<$B$6)*$R$14:$R$31)) -> 0.125 | V21: =IF(A21="",0,IF(R21>=$B$6,$B$6,R21+IFERROR(T21*(R21/U21),0))) -> 0.125 | W21: =IF(A21="","",IF(V21>$B$6+0.0005,"CHECK - still over position cap","OK")) -> OK | X21: =IF(A21="","",IF(D21="","",IF(M21>$B$7,CONCATENATE("Group '",D21,"' trimmed from ",TEXT(M21,"0.0%")," to ",TEXT($B$7,"0.0%")," combined."),CONCATENATE("Group '",D21,"' within cap (",TEXT(M21,"0.0%")," combined).")))) | Y21: =IF(A21="","",CONCATENATE("[",C21,"] ",TEXT(AB21,"0.0%")," of total portfolio. ",IF(C21="Cash","Held flat as a liquidity/flexibility buffer, not risk-scored. ",CONCATENATE("Risk-adjusted score ",TEXT(I21,"0.00")," (return ",TEXT(F21,"0.0%")," vs. volatility ",TEXT(G21,"0.0%"),") drives ",TEXT(J21,"0.0%")," of its bucket's risk budget. ")),IF(X21<>"",CONCATENATE(X21," "),"")," ",E21)) -> [Cash] 12.5% of total portfolio. Held flat as a liquidity/flexibility buffer, not risk-scored. Liquidity/flexibility buffer; held flat, not risk-scored. | Z21: =IF(A21="",0,(IF(C21="Stocks",$B$8,IF(C21="Bonds",$B$9,IF(C21="Cash",$B$10,0))))-SUMIF($C$14:$C$31,C21,$V$14:$V$31)) -> 0 | AA21: =IF(A21="",0,SUMPRODUCT(($C$14:$C$31=C21)*($V$14:$V$31<$B$6)*$V$14:$V$31)) -> 0.125 | AB21: =IF(A21="",0,IF(V21>=$B$6,V21,V21+IFERROR(Z21*(V21/AA21),0))) -> 0.125
H22: =IF(A22="",0,IF(C22="Stocks",$B$8,IF(C22="Bonds",$B$9,IF(C22="Cash",$B$10,0)))) -> 0 | I22: =IF(A22="",0,IF(C22="Cash",1,IFERROR((F22-$B$5)/(G22^2),0))) -> 0 | J22: =IF(A22="",0,IFERROR(I22/SUMIF($C$14:$C$31,C22,$I$14:$I$31),0)) -> 0 | K22: =IF(A22="",0,J22*H22) -> 0 | L22: =IF(A22="","",IF(D22="","ROW_"&ROW(),D22)) | M22: =IF(A22="",0,SUMIF($L$14:$L$31,L22,$K$14:$K$31)) -> 0 | N22: =IF(A22="",0,IF(M22>$B$7,K22*($B$7/M22),K22)) -> 0 | O22: =IF(A22="",0,K22-N22) -> 0 | P22: =IF(A22="",0,SUMIF($C$14:$C$31,C22,$O$14:$O$31)) -> 0 | Q22: =IF(A22="",0,SUMPRODUCT(($C$14:$C$31=C22)*($O$14:$O$31=0)*$N$14:$N$31)) -> 0 | R22: =IF(A22="",0,IF(O22>0,N22,N22+IFERROR(P22*(N22/Q22),0))) -> 0 | S22: =IF(A22="",0,MAX(R22-$B$6,0)) -> 0 | T22: =IF(A22="",0,SUMIF($C$14:$C$31,C22,$S$14:$S$31)) -> 0 | U22: =IF(A22="",0,SUMPRODUCT(($C$14:$C$31=C22)*($R$14:$R$31<$B$6)*$R$14:$R$31)) -> 0 | V22: =IF(A22="",0,IF(R22>=$B$6,$B$6,R22+IFERROR(T22*(R22/U22),0))) -> 0 | W22: =IF(A22="","",IF(V22>$B$6+0.0005,"CHECK - still over position cap","OK")) | X22: =IF(A22="","",IF(D22="","",IF(M22>$B$7,CONCATENATE("Group '",D22,"' trimmed from ",TEXT(M22,"0.0%")," to ",TEXT($B$7,"0.0%")," combined."),CONCATENATE("Group '",D22,"' within cap (",TEXT(M22,"0.0%")," combined).")))) | Y22: =IF(A22="","",CONCATENATE("[",C22,"] ",TEXT(AB22,"0.0%")," of total portfolio. ",IF(C22="Cash","Held flat as a liquidity/flexibility buffer, not risk-scored. ",CONCATENATE("Risk-adjusted score ",TEXT(I22,"0.00")," (return ",TEXT(F22,"0.0%")," vs. volatility ",TEXT(G22,"0.0%"),") drives ",TEXT(J22,"0.0%")," of its bucket's risk budget. ")),IF(X22<>"",CONCATENATE(X22," "),"")," ",E22)) | Z22: =IF(A22="",0,(IF(C22="Stocks",$B$8,IF(C22="Bonds",$B$9,IF(C22="Cash",$B$10,0))))-SUMIF($C$14:$C$31,C22,$V$14:$V$31)) -> 0 | AA22: =IF(A22="",0,SUMPRODUCT(($C$14:$C$31=C22)*($V$14:$V$31<$B$6)*$V$14:$V$31)) -> 0 | AB22: =IF(A22="",0,IF(V22>=$B$6,V22,V22+IFERROR(Z22*(V22/AA22),0))) -> 0
H23: =IF(A23="",0,IF(C23="Stocks",$B$8,IF(C23="Bonds",$B$9,IF(C23="Cash",$B$10,0)))) -> 0 | I23: =IF(A23="",0,IF(C23="Cash",1,IFERROR((F23-$B$5)/(G23^2),0))) -> 0 | J23: =IF(A23="",0,IFERROR(I23/SUMIF($C$14:$C$31,C23,$I$14:$I$31),0)) -> 0 | K23: =IF(A23="",0,J23*H23) -> 0 | L23: =IF(A23="","",IF(D23="","ROW_"&ROW(),D23)) | M23: =IF(A23="",0,SUMIF($L$14:$L$31,L23,$K$14:$K$31)) -> 0 | N23: =IF(A23="",0,IF(M23>$B$7,K23*($B$7/M23),K23)) -> 0 | O23: =IF(A23="",0,K23-N23) -> 0 | P23: =IF(A23="",0,SUMIF($C$14:$C$31,C23,$O$14:$O$31)) -> 0 | Q23: =IF(A23="",0,SUMPRODUCT(($C$14:$C$31=C23)*($O$14:$O$31=0)*$N$14:$N$31)) -> 0 | R23: =IF(A23="",0,IF(O23>0,N23,N23+IFERROR(P23*(N23/Q23),0))) -> 0 | S23: =IF(A23="",0,MAX(R23-$B$6,0)) -> 0 | T23: =IF(A23="",0,SUMIF($C$14:$C$31,C23,$S$14:$S$31)) -> 0 | U23: =IF(A23="",0,SUMPRODUCT(($C$14:$C$31=C23)*($R$14:$R$31<$B$6)*$R$14:$R$31)) -> 0 | V23: =IF(A23="",0,IF(R23>=$B$6,$B$6,R23+IFERROR(T23*(R23/U23),0))) -> 0 | W23: =IF(A23="","",IF(V23>$B$6+0.0005,"CHECK - still over position cap","OK")) | X23: =IF(A23="","",IF(D23="","",IF(M23>$B$7,CONCATENATE("Group '",D23,"' trimmed from ",TEXT(M23,"0.0%")," to ",TEXT($B$7,"0.0%")," combined."),CONCATENATE("Group '",D23,"' within cap (",TEXT(M23,"0.0%")," combined).")))) | Y23: =IF(A23="","",CONCATENATE("[",C23,"] ",TEXT(AB23,"0.0%")," of total portfolio. ",IF(C23="Cash","Held flat as a liquidity/flexibility buffer, not risk-scored. ",CONCATENATE("Risk-adjusted score ",TEXT(I23,"0.00")," (return ",TEXT(F23,"0.0%")," vs. volatility ",TEXT(G23,"0.0%"),") drives ",TEXT(J23,"0.0%")," of its bucket's risk budget. ")),IF(X23<>"",CONCATENATE(X23," "),"")," ",E23)) | Z23: =IF(A23="",0,(IF(C23="Stocks",$B$8,IF(C23="Bonds",$B$9,IF(C23="Cash",$B$10,0))))-SUMIF($C$14:$C$31,C23,$V$14:$V$31)) -> 0 | AA23: =IF(A23="",0,SUMPRODUCT(($C$14:$C$31=C23)*($V$14:$V$31<$B$6)*$V$14:$V$31)) -> 0 | AB23: =IF(A23="",0,IF(V23>=$B$6,V23,V23+IFERROR(Z23*(V23/AA23),0))) -> 0
H24: =IF(A24="",0,IF(C24="Stocks",$B$8,IF(C24="Bonds",$B$9,IF(C24="Cash",$B$10,0)))) -> 0 | I24: =IF(A24="",0,IF(C24="Cash",1,IFERROR((F24-$B$5)/(G24^2),0))) -> 0 | J24: =IF(A24="",0,IFERROR(I24/SUMIF($C$14:$C$31,C24,$I$14:$I$31),0)) -> 0 | K24: =IF(A24="",0,J24*H24) -> 0 | L24: =IF(A24="","",IF(D24="","ROW_"&ROW(),D24)) | M24: =IF(A24="",0,SUMIF($L$14:$L$31,L24,$K$14:$K$31)) -> 0 | N24: =IF(A24="",0,IF(M24>$B$7,K24*($B$7/M24),K24)) -> 0 | O24: =IF(A24="",0,K24-N24) -> 0 | P24: =IF(A24="",0,SUMIF($C$14:$C$31,C24,$O$14:$O$31)) -> 0 | Q24: =IF(A24="",0,SUMPRODUCT(($C$14:$C$31=C24)*($O$14:$O$31=0)*$N$14:$N$31)) -> 0 | R24: =IF(A24="",0,IF(O24>0,N24,N24+IFERROR(P24*(N24/Q24),0))) -> 0 | S24: =IF(A24="",0,MAX(R24-$B$6,0)) -> 0 | T24: =IF(A24="",0,SUMIF($C$14:$C$31,C24,$S$14:$S$31)) -> 0 | U24: =IF(A24="",0,SUMPRODUCT(($C$14:$C$31=C24)*($R$14:$R$31<$B$6)*$R$14:$R$31)) -> 0 | V24: =IF(A24="",0,IF(R24>=$B$6,$B$6,R24+IFERROR(T24*(R24/U24),0))) -> 0 | W24: =IF(A24="","",IF(V24>$B$6+0.0005,"CHECK - still over position cap","OK")) | X24: =IF(A24="","",IF(D24="","",IF(M24>$B$7,CONCATENATE("Group '",D24,"' trimmed from ",TEXT(M24,"0.0%")," to ",TEXT($B$7,"0.0%")," combined."),CONCATENATE("Group '",D24,"' within cap (",TEXT(M24,"0.0%")," combined).")))) | Y24: =IF(A24="","",CONCATENATE("[",C24,"] ",TEXT(AB24,"0.0%")," of total portfolio. ",IF(C24="Cash","Held flat as a liquidity/flexibility buffer, not risk-scored. ",CONCATENATE("Risk-adjusted score ",TEXT(I24,"0.00")," (return ",TEXT(F24,"0.0%")," vs. volatility ",TEXT(G24,"0.0%"),") drives ",TEXT(J24,"0.0%")," of its bucket's risk budget. ")),IF(X24<>"",CONCATENATE(X24," "),"")," ",E24)) | Z24: =IF(A24="",0,(IF(C24="Stocks",$B$8,IF(C24="Bonds",$B$9,IF(C24="Cash",$B$10,0))))-SUMIF($C$14:$C$31,C24,$V$14:$V$31)) -> 0 | AA24: =IF(A24="",0,SUMPRODUCT(($C$14:$C$31=C24)*($V$14:$V$31<$B$6)*$V$14:$V$31)) -> 0 | AB24: =IF(A24="",0,IF(V24>=$B$6,V24,V24+IFERROR(Z24*(V24/AA24),0))) -> 0
H25: =IF(A25="",0,IF(C25="Stocks",$B$8,IF(C25="Bonds",$B$9,IF(C25="Cash",$B$10,0)))) -> 0 | I25: =IF(A25="",0,IF(C25="Cash",1,IFERROR((F25-$B$5)/(G25^2),0))) -> 0 | J25: =IF(A25="",0,IFERROR(I25/SUMIF($C$14:$C$31,C25,$I$14:$I$31),0)) -> 0 | K25: =IF(A25="",0,J25*H25) -> 0 | L25: =IF(A25="","",IF(D25="","ROW_"&ROW(),D25)) | M25: =IF(A25="",0,SUMIF($L$14:$L$31,L25,$K$14:$K$31)) -> 0 | N25: =IF(A25="",0,IF(M25>$B$7,K25*($B$7/M25),K25)) -> 0 | O25: =IF(A25="",0,K25-N25) -> 0 | P25: =IF(A25="",0,SUMIF($C$14:$C$31,C25,$O$14:$O$31)) -> 0 | Q25: =IF(A25="",0,SUMPRODUCT(($C$14:$C$31=C25)*($O$14:$O$31=0)*$N$14:$N$31)) -> 0 | R25: =IF(A25="",0,IF(O25>0,N25,N25+IFERROR(P25*(N25/Q25),0))) -> 0 | S25: =IF(A25="",0,MAX(R25-$B$6,0)) -> 0 | T25: =IF(A25="",0,SUMIF($C$14:$C$31,C25,$S$14:$S$31)) -> 0 | U25: =IF(A25="",0,SUMPRODUCT(($C$14:$C$31=C25)*($R$14:$R$31<$B$6)*$R$14:$R$31)) -> 0 | V25: =IF(A25="",0,IF(R25>=$B$6,$B$6,R25+IFERROR(T25*(R25/U25),0))) -> 0 | W25: =IF(A25="","",IF(V25>$B$6+0.0005,"CHECK - still over position cap","OK")) | X25: =IF(A25="","",IF(D25="","",IF(M25>$B$7,CONCATENATE("Group '",D25,"' trimmed from ",TEXT(M25,"0.0%")," to ",TEXT($B$7,"0.0%")," combined."),CONCATENATE("Group '",D25,"' within cap (",TEXT(M25,"0.0%")," combined).")))) | Y25: =IF(A25="","",CONCATENATE("[",C25,"] ",TEXT(AB25,"0.0%")," of total portfolio. ",IF(C25="Cash","Held flat as a liquidity/flexibility buffer, not risk-scored. ",CONCATENATE("Risk-adjusted score ",TEXT(I25,"0.00")," (return ",TEXT(F25,"0.0%")," vs. volatility ",TEXT(G25,"0.0%"),") drives ",TEXT(J25,"0.0%")," of its bucket's risk budget. ")),IF(X25<>"",CONCATENATE(X25," "),"")," ",E25)) | Z25: =IF(A25="",0,(IF(C25="Stocks",$B$8,IF(C25="Bonds",$B$9,IF(C25="Cash",$B$10,0))))-SUMIF($C$14:$C$31,C25,$V$14:$V$31)) -> 0 | AA25: =IF(A25="",0,SUMPRODUCT(($C$14:$C$31=C25)*($V$14:$V$31<$B$6)*$V$14:$V$31)) -> 0 | AB25: =IF(A25="",0,IF(V25>=$B$6,V25,V25+IFERROR(Z25*(V25/AA25),0))) -> 0
H26: =IF(A26="",0,IF(C26="Stocks",$B$8,IF(C26="Bonds",$B$9,IF(C26="Cash",$B$10,0)))) -> 0 | I26: =IF(A26="",0,IF(C26="Cash",1,IFERROR((F26-$B$5)/(G26^2),0))) -> 0 | J26: =IF(A26="",0,IFERROR(I26/SUMIF($C$14:$C$31,C26,$I$14:$I$31),0)) -> 0 | K26: =IF(A26="",0,J26*H26) -> 0 | L26: =IF(A26="","",IF(D26="","ROW_"&ROW(),D26)) | M26: =IF(A26="",0,SUMIF($L$14:$L$31,L26,$K$14:$K$31)) -> 0 | N26: =IF(A26="",0,IF(M26>$B$7,K26*($B$7/M26),K26)) -> 0 | O26: =IF(A26="",0,K26-N26) -> 0 | P26: =IF(A26="",0,SUMIF($C$14:$C$31,C26,$O$14:$O$31)) -> 0 | Q26: =IF(A26="",0,SUMPRODUCT(($C$14:$C$31=C26)*($O$14:$O$31=0)*$N$14:$N$31)) -> 0 | R26: =IF(A26="",0,IF(O26>0,N26,N26+IFERROR(P26*(N26/Q26),0))) -> 0 | S26: =IF(A26="",0,MAX(R26-$B$6,0)) -> 0 | T26: =IF(A26="",0,SUMIF($C$14:$C$31,C26,$S$14:$S$31)) -> 0 | U26: =IF(A26="",0,SUMPRODUCT(($C$14:$C$31=C26)*($R$14:$R$31<$B$6)*$R$14:$R$31)) -> 0 | V26: =IF(A26="",0,IF(R26>=$B$6,$B$6,R26+IFERROR(T26*(R26/U26),0))) -> 0 | W26: =IF(A26="","",IF(V26>$B$6+0.0005,"CHECK - still over position cap","OK")) | X26: =IF(A26="","",IF(D26="","",IF(M26>$B$7,CONCATENATE("Group '",D26,"' trimmed from ",TEXT(M26,"0.0%")," to ",TEXT($B$7,"0.0%")," combined."),CONCATENATE("Group '",D26,"' within cap (",TEXT(M26,"0.0%")," combined).")))) | Y26: =IF(A26="","",CONCATENATE("[",C26,"] ",TEXT(AB26,"0.0%")," of total portfolio. ",IF(C26="Cash","Held flat as a liquidity/flexibility buffer, not risk-scored. ",CONCATENATE("Risk-adjusted score ",TEXT(I26,"0.00")," (return ",TEXT(F26,"0.0%")," vs. volatility ",TEXT(G26,"0.0%"),") drives ",TEXT(J26,"0.0%")," of its bucket's risk budget. ")),IF(X26<>"",CONCATENATE(X26," "),"")," ",E26)) | Z26: =IF(A26="",0,(IF(C26="Stocks",$B$8,IF(C26="Bonds",$B$9,IF(C26="Cash",$B$10,0))))-SUMIF($C$14:$C$31,C26,$V$14:$V$31)) -> 0 | AA26: =IF(A26="",0,SUMPRODUCT(($C$14:$C$31=C26)*($V$14:$V$31<$B$6)*$V$14:$V$31)) -> 0 | AB26: =IF(A26="",0,IF(V26>=$B$6,V26,V26+IFERROR(Z26*(V26/AA26),0))) -> 0
H27: =IF(A27="",0,IF(C27="Stocks",$B$8,IF(C27="Bonds",$B$9,IF(C27="Cash",$B$10,0)))) -> 0 | I27: =IF(A27="",0,IF(C27="Cash",1,IFERROR((F27-$B$5)/(G27^2),0))) -> 0 | J27: =IF(A27="",0,IFERROR(I27/SUMIF($C$14:$C$31,C27,$I$14:$I$31),0)) -> 0 | K27: =IF(A27="",0,J27*H27) -> 0 | L27: =IF(A27="","",IF(D27="","ROW_"&ROW(),D27)) | M27: =IF(A27="",0,SUMIF($L$14:$L$31,L27,$K$14:$K$31)) -> 0 | N27: =IF(A27="",0,IF(M27>$B$7,K27*($B$7/M27),K27)) -> 0 | O27: =IF(A27="",0,K27-N27) -> 0 | P27: =IF(A27="",0,SUMIF($C$14:$C$31,C27,$O$14:$O$31)) -> 0 | Q27: =IF(A27="",0,SUMPRODUCT(($C$14:$C$31=C27)*($O$14:$O$31=0)*$N$14:$N$31)) -> 0 | R27: =IF(A27="",0,IF(O27>0,N27,N27+IFERROR(P27*(N27/Q27),0))) -> 0 | S27: =IF(A27="",0,MAX(R27-$B$6,0)) -> 0 | T27: =IF(A27="",0,SUMIF($C$14:$C$31,C27,$S$14:$S$31)) -> 0 | U27: =IF(A27="",0,SUMPRODUCT(($C$14:$C$31=C27)*($R$14:$R$31<$B$6)*$R$14:$R$31)) -> 0 | V27: =IF(A27="",0,IF(R27>=$B$6,$B$6,R27+IFERROR(T27*(R27/U27),0))) -> 0 | W27: =IF(A27="","",IF(V27>$B$6+0.0005,"CHECK - still over position cap","OK")) | X27: =IF(A27="","",IF(D27="","",IF(M27>$B$7,CONCATENATE("Group '",D27,"' trimmed from ",TEXT(M27,"0.0%")," to ",TEXT($B$7,"0.0%")," combined."),CONCATENATE("Group '",D27,"' within cap (",TEXT(M27,"0.0%")," combined).")))) | Y27: =IF(A27="","",CONCATENATE("[",C27,"] ",TEXT(AB27,"0.0%")," of total portfolio. ",IF(C27="Cash","Held flat as a liquidity/flexibility buffer, not risk-scored. ",CONCATENATE("Risk-adjusted score ",TEXT(I27,"0.00")," (return ",TEXT(F27,"0.0%")," vs. volatility ",TEXT(G27,"0.0%"),") drives ",TEXT(J27,"0.0%")," of its bucket's risk budget. ")),IF(X27<>"",CONCATENATE(X27," "),"")," ",E27)) | Z27: =IF(A27="",0,(IF(C27="Stocks",$B$8,IF(C27="Bonds",$B$9,IF(C27="Cash",$B$10,0))))-SUMIF($C$14:$C$31,C27,$V$14:$V$31)) -> 0 | AA27: =IF(A27="",0,SUMPRODUCT(($C$14:$C$31=C27)*($V$14:$V$31<$B$6)*$V$14:$V$31)) -> 0 | AB27: =IF(A27="",0,IF(V27>=$B$6,V27,V27+IFERROR(Z27*(V27/AA27),0))) -> 0
H28: =IF(A28="",0,IF(C28="Stocks",$B$8,IF(C28="Bonds",$B$9,IF(C28="Cash",$B$10,0)))) -> 0 | I28: =IF(A28="",0,IF(C28="Cash",1,IFERROR((F28-$B$5)/(G28^2),0))) -> 0 | J28: =IF(A28="",0,IFERROR(I28/SUMIF($C$14:$C$31,C28,$I$14:$I$31),0)) -> 0 | K28: =IF(A28="",0,J28*H28) -> 0 | L28: =IF(A28="","",IF(D28="","ROW_"&ROW(),D28)) | M28: =IF(A28="",0,SUMIF($L$14:$L$31,L28,$K$14:$K$31)) -> 0 | N28: =IF(A28="",0,IF(M28>$B$7,K28*($B$7/M28),K28)) -> 0 | O28: =IF(A28="",0,K28-N28) -> 0 | P28: =IF(A28="",0,SUMIF($C$14:$C$31,C28,$O$14:$O$31)) -> 0 | Q28: =IF(A28="",0,SUMPRODUCT(($C$14:$C$31=C28)*($O$14:$O$31=0)*$N$14:$N$31)) -> 0 | R28: =IF(A28="",0,IF(O28>0,N28,N28+IFERROR(P28*(N28/Q28),0))) -> 0 | S28: =IF(A28="",0,MAX(R28-$B$6,0)) -> 0 | T28: =IF(A28="",0,SUMIF($C$14:$C$31,C28,$S$14:$S$31)) -> 0 | U28: =IF(A28="",0,SUMPRODUCT(($C$14:$C$31=C28)*($R$14:$R$31<$B$6)*$R$14:$R$31)) -> 0 | V28: =IF(A28="",0,IF(R28>=$B$6,$B$6,R28+IFERROR(T28*(R28/U28),0))) -> 0 | W28: =IF(A28="","",IF(V28>$B$6+0.0005,"CHECK - still over position cap","OK")) | X28: =IF(A28="","",IF(D28="","",IF(M28>$B$7,CONCATENATE("Group '",D28,"' trimmed from ",TEXT(M28,"0.0%")," to ",TEXT($B$7,"0.0%")," combined."),CONCATENATE("Group '",D28,"' within cap (",TEXT(M28,"0.0%")," combined).")))) | Y28: =IF(A28="","",CONCATENATE("[",C28,"] ",TEXT(AB28,"0.0%")," of total portfolio. ",IF(C28="Cash","Held flat as a liquidity/flexibility buffer, not risk-scored. ",CONCATENATE("Risk-adjusted score ",TEXT(I28,"0.00")," (return ",TEXT(F28,"0.0%")," vs. volatility ",TEXT(G28,"0.0%"),") drives ",TEXT(J28,"0.0%")," of its bucket's risk budget. ")),IF(X28<>"",CONCATENATE(X28," "),"")," ",E28)) | Z28: =IF(A28="",0,(IF(C28="Stocks",$B$8,IF(C28="Bonds",$B$9,IF(C28="Cash",$B$10,0))))-SUMIF($C$14:$C$31,C28,$V$14:$V$31)) -> 0 | AA28: =IF(A28="",0,SUMPRODUCT(($C$14:$C$31=C28)*($V$14:$V$31<$B$6)*$V$14:$V$31)) -> 0 | AB28: =IF(A28="",0,IF(V28>=$B$6,V28,V28+IFERROR(Z28*(V28/AA28),0))) -> 0
H29: =IF(A29="",0,IF(C29="Stocks",$B$8,IF(C29="Bonds",$B$9,IF(C29="Cash",$B$10,0)))) -> 0 | I29: =IF(A29="",0,IF(C29="Cash",1,IFERROR((F29-$B$5)/(G29^2),0))) -> 0 | J29: =IF(A29="",0,IFERROR(I29/SUMIF($C$14:$C$31,C29,$I$14:$I$31),0)) -> 0 | K29: =IF(A29="",0,J29*H29) -> 0 | L29: =IF(A29="","",IF(D29="","ROW_"&ROW(),D29)) | M29: =IF(A29="",0,SUMIF($L$14:$L$31,L29,$K$14:$K$31)) -> 0 | N29: =IF(A29="",0,IF(M29>$B$7,K29*($B$7/M29),K29)) -> 0 | O29: =IF(A29="",0,K29-N29) -> 0 | P29: =IF(A29="",0,SUMIF($C$14:$C$31,C29,$O$14:$O$31)) -> 0 | Q29: =IF(A29="",0,SUMPRODUCT(($C$14:$C$31=C29)*($O$14:$O$31=0)*$N$14:$N$31)) -> 0 | R29: =IF(A29="",0,IF(O29>0,N29,N29+IFERROR(P29*(N29/Q29),0))) -> 0 | S29: =IF(A29="",0,MAX(R29-$B$6,0)) -> 0 | T29: =IF(A29="",0,SUMIF($C$14:$C$31,C29,$S$14:$S$31)) -> 0 | U29: =IF(A29="",0,SUMPRODUCT(($C$14:$C$31=C29)*($R$14:$R$31<$B$6)*$R$14:$R$31)) -> 0 | V29: =IF(A29="",0,IF(R29>=$B$6,$B$6,R29+IFERROR(T29*(R29/U29),0))) -> 0 | W29: =IF(A29="","",IF(V29>$B$6+0.0005,"CHECK - still over position cap","OK")) | X29: =IF(A29="","",IF(D29="","",IF(M29>$B$7,CONCATENATE("Group '",D29,"' trimmed from ",TEXT(M29,"0.0%")," to ",TEXT($B$7,"0.0%")," combined."),CONCATENATE("Group '",D29,"' within cap (",TEXT(M29,"0.0%")," combined).")))) | Y29: =IF(A29="","",CONCATENATE("[",C29,"] ",TEXT(AB29,"0.0%")," of total portfolio. ",IF(C29="Cash","Held flat as a liquidity/flexibility buffer, not risk-scored. ",CONCATENATE("Risk-adjusted score ",TEXT(I29,"0.00")," (return ",TEXT(F29,"0.0%")," vs. volatility ",TEXT(G29,"0.0%"),") drives ",TEXT(J29,"0.0%")," of its bucket's risk budget. ")),IF(X29<>"",CONCATENATE(X29," "),"")," ",E29)) | Z29: =IF(A29="",0,(IF(C29="Stocks",$B$8,IF(C29="Bonds",$B$9,IF(C29="Cash",$B$10,0))))-SUMIF($C$14:$C$31,C29,$V$14:$V$31)) -> 0 | AA29: =IF(A29="",0,SUMPRODUCT(($C$14:$C$31=C29)*($V$14:$V$31<$B$6)*$V$14:$V$31)) -> 0 | AB29: =IF(A29="",0,IF(V29>=$B$6,V29,V29+IFERROR(Z29*(V29/AA29),0))) -> 0
H30: =IF(A30="",0,IF(C30="Stocks",$B$8,IF(C30="Bonds",$B$9,IF(C30="Cash",$B$10,0)))) -> 0 | I30: =IF(A30="",0,IF(C30="Cash",1,IFERROR((F30-$B$5)/(G30^2),0))) -> 0 | J30: =IF(A30="",0,IFERROR(I30/SUMIF($C$14:$C$31,C30,$I$14:$I$31),0)) -> 0 | K30: =IF(A30="",0,J30*H30) -> 0 | L30: =IF(A30="","",IF(D30="","ROW_"&ROW(),D30)) | M30: =IF(A30="",0,SUMIF($L$14:$L$31,L30,$K$14:$K$31)) -> 0 | N30: =IF(A30="",0,IF(M30>$B$7,K30*($B$7/M30),K30)) -> 0 | O30: =IF(A30="",0,K30-N30) -> 0 | P30: =IF(A30="",0,SUMIF($C$14:$C$31,C30,$O$14:$O$31)) -> 0 | Q30: =IF(A30="",0,SUMPRODUCT(($C$14:$C$31=C30)*($O$14:$O$31=0)*$N$14:$N$31)) -> 0 | R30: =IF(A30="",0,IF(O30>0,N30,N30+IFERROR(P30*(N30/Q30),0))) -> 0 | S30: =IF(A30="",0,MAX(R30-$B$6,0)) -> 0 | T30: =IF(A30="",0,SUMIF($C$14:$C$31,C30,$S$14:$S$31)) -> 0 | U30: =IF(A30="",0,SUMPRODUCT(($C$14:$C$31=C30)*($R$14:$R$31<$B$6)*$R$14:$R$31)) -> 0 | V30: =IF(A30="",0,IF(R30>=$B$6,$B$6,R30+IFERROR(T30*(R30/U30),0))) -> 0 | W30: =IF(A30="","",IF(V30>$B$6+0.0005,"CHECK - still over position cap","OK")) | X30: =IF(A30="","",IF(D30="","",IF(M30>$B$7,CONCATENATE("Group '",D30,"' trimmed from ",TEXT(M30,"0.0%")," to ",TEXT($B$7,"0.0%")," combined."),CONCATENATE("Group '",D30,"' within cap (",TEXT(M30,"0.0%")," combined).")))) | Y30: =IF(A30="","",CONCATENATE("[",C30,"] ",TEXT(AB30,"0.0%")," of total portfolio. ",IF(C30="Cash","Held flat as a liquidity/flexibility buffer, not risk-scored. ",CONCATENATE("Risk-adjusted score ",TEXT(I30,"0.00")," (return ",TEXT(F30,"0.0%")," vs. volatility ",TEXT(G30,"0.0%"),") drives ",TEXT(J30,"0.0%")," of its bucket's risk budget. ")),IF(X30<>"",CONCATENATE(X30," "),"")," ",E30)) | Z30: =IF(A30="",0,(IF(C30="Stocks",$B$8,IF(C30="Bonds",$B$9,IF(C30="Cash",$B$10,0))))-SUMIF($C$14:$C$31,C30,$V$14:$V$31)) -> 0 | AA30: =IF(A30="",0,SUMPRODUCT(($C$14:$C$31=C30)*($V$14:$V$31<$B$6)*$V$14:$V$31)) -> 0 | AB30: =IF(A30="",0,IF(V30>=$B$6,V30,V30+IFERROR(Z30*(V30/AA30),0))) -> 0
H31: =IF(A31="",0,IF(C31="Stocks",$B$8,IF(C31="Bonds",$B$9,IF(C31="Cash",$B$10,0)))) -> 0 | I31: =IF(A31="",0,IF(C31="Cash",1,IFERROR((F31-$B$5)/(G31^2),0))) -> 0 | J31: =IF(A31="",0,IFERROR(I31/SUMIF($C$14:$C$31,C31,$I$14:$I$31),0)) -> 0 | K31: =IF(A31="",0,J31*H31) -> 0 | L31: =IF(A31="","",IF(D31="","ROW_"&ROW(),D31)) | M31: =IF(A31="",0,SUMIF($L$14:$L$31,L31,$K$14:$K$31)) -> 0 | N31: =IF(A31="",0,IF(M31>$B$7,K31*($B$7/M31),K31)) -> 0 | O31: =IF(A31="",0,K31-N31) -> 0 | P31: =IF(A31="",0,SUMIF($C$14:$C$31,C31,$O$14:$O$31)) -> 0 | Q31: =IF(A31="",0,SUMPRODUCT(($C$14:$C$31=C31)*($O$14:$O$31=0)*$N$14:$N$31)) -> 0 | R31: =IF(A31="",0,IF(O31>0,N31,N31+IFERROR(P31*(N31/Q31),0))) -> 0 | S31: =IF(A31="",0,MAX(R31-$B$6,0)) -> 0 | T31: =IF(A31="",0,SUMIF($C$14:$C$31,C31,$S$14:$S$31)) -> 0 | U31: =IF(A31="",0,SUMPRODUCT(($C$14:$C$31=C31)*($R$14:$R$31<$B$6)*$R$14:$R$31)) -> 0 | V31: =IF(A31="",0,IF(R31>=$B$6,$B$6,R31+IFERROR(T31*(R31/U31),0))) -> 0 | W31: =IF(A31="","",IF(V31>$B$6+0.0005,"CHECK - still over position cap","OK")) | X31: =IF(A31="","",IF(D31="","",IF(M31>$B$7,CONCATENATE("Group '",D31,"' trimmed from ",TEXT(M31,"0.0%")," to ",TEXT($B$7,"0.0%")," combined."),CONCATENATE("Group '",D31,"' within cap (",TEXT(M31,"0.0%")," combined).")))) | Y31: =IF(A31="","",CONCATENATE("[",C31,"] ",TEXT(AB31,"0.0%")," of total portfolio. ",IF(C31="Cash","Held flat as a liquidity/flexibility buffer, not risk-scored. ",CONCATENATE("Risk-adjusted score ",TEXT(I31,"0.00")," (return ",TEXT(F31,"0.0%")," vs. volatility ",TEXT(G31,"0.0%"),") drives ",TEXT(J31,"0.0%")," of its bucket's risk budget. ")),IF(X31<>"",CONCATENATE(X31," "),"")," ",E31)) | Z31: =IF(A31="",0,(IF(C31="Stocks",$B$8,IF(C31="Bonds",$B$9,IF(C31="Cash",$B$10,0))))-SUMIF($C$14:$C$31,C31,$V$14:$V$31)) -> 0 | AA31: =IF(A31="",0,SUMPRODUCT(($C$14:$C$31=C31)*($V$14:$V$31<$B$6)*$V$14:$V$31)) -> 0 | AB31: =IF(A31="",0,IF(V31>=$B$6,V31,V31+IFERROR(Z31*(V31/AA31),0))) -> 0
A33: Stocks Subtotal | V33: =SUMIF($C$14:$C$31,"Stocks",$AB$14:$AB$31) -> 0.7 | W33: =IF(ABS(V33-$B$8)>0.0005,"Adjusted — see note","On target") -> On target
A34: Bonds Subtotal | V34: =SUMIF($C$14:$C$31,"Bonds",$AB$14:$AB$31) -> 0.175 | W34: =IF(ABS(V34-$B$9)>0.0005,"Adjusted — see note","On target") -> On target
A35: Cash Subtotal | V35: =SUMIF($C$14:$C$31,"Cash",$AB$14:$AB$31) -> 0.125 | W35: =IF(ABS(V35-$B$10)>0.0005,"Adjusted — see note","On target") -> On target
A36: TOTAL (always 100%) | V36: =SUM($AB$14:$AB$31) -> 1
